AAA,AAC,AAG,AAT,ACA,ACC,ACG,ACT,AGA,AGC,AGG,ATA,ATC,ATG,CAA,CAC,CAG,CCA,CCC,CCG,CGA,CGC,CTA,CTC,GAA,GAC,GCA,GCC,GGA,GTA,TAA,TCA,protein_name,species
0.0016420361247947454,0.0016420361247947454,0.0,0.0,0.0,0.0,0.0,0.0,0.0,0.0,0.0016420361247947454,0.0,0.0,0.0,0.0016420361247947454,0.0,0.0,0.003284072249589491,0.0,0.0,0.0,0.0,0.0016420361247947454,0.0,0.0,0.0,0.0,0.0,0.0,0.0,0.0,0.0,albumin,gorilla_gorilla_gorilla
0.0016420361247947454,0.0016420361247947454,0.0,0.0,0.0,0.0,0.0,0.0,0.0,0.0,0.0016420361247947454,0.0,0.0,0.0,0.0016420361247947454,0.0,0.0,0.003284072249589491,0.0,0.0,0.0,0.0,0.0016420361247947454,0.0,0.0,0.0,0.0,0.0,0.0,0.0,0.0,0.0,albumin,pan_paniscus
0.0016181229773462784,0.0016181229773462784,0.0,0.0,0.0,0.0,0.0,0.0,0.0,0.0,0.0016181229773462784,0.0,0.0,0.0,0.0016181229773462784,0.0,0.0,0.003236245954692557,0.0,0.0,0.0,0.0,0.0016181229773462784,0.0,0.0,0.0,0.0,0.0,0.0,0.0,0.0,0.0,albumin,homo_sapiens
0.0016420361247947454,0.0016420361247947454,0.0,0.0,0.0,0.0,0.0,0.0,0.0,0.0,0.0016420361247947454,0.0,0.0,0.0,0.0016420361247947454,0.0,0.0,0.003284072249589491,0.0,0.0,0.0,0.0,0.0016420361247947454,0.0,0.0,0.0,0.0,0.0,0.0,0.0,0.0,0.0,albumin,nomascus_leucogenys
0.001644736842105263,0.001644736842105263,0.0,0.0,0.0,0.0,0.0,0.0,0.0,0.0,0.001644736842105263,0.0,0.0,0.0,0.001644736842105263,0.0,0.0,0.003289473684210526,0.0,0.0,0.0,0.0,0.001644736842105263,0.0,0.0,0.0,0.0,0.0,0.0,0.0,0.0,0.0,albumin,macaca_fascicularis
0.001644736842105263,0.001644736842105263,0.0,0.0,0.0,0.0,0.0,0.0,0.0,0.0,0.001644736842105263,0.0,0.0,0.0,0.001644736842105263,0.0,0.0,0.003289473684210526,0.0,0.0,0.0,0.0,0.001644736842105263,0.0,0.0,0.0,0.0,0.0,0.0,0.0,0.0,0.0,albumin,papio_anubis
0.001644736842105263,0.001644736842105263,0.0,0.0,0.0,0.0,0.0,0.0,0.0,0.0,0.001644736842105263,0.0,0.0,0.0,0.001644736842105263,0.0,0.0,0.003289473684210526,0.0,0.0,0.0,0.0,0.001644736842105263,0.0,0.0,0.0,0.0,0.0,0.0,0.0,0.0,0.0,albumin,chlorocebus_sabaeus
0.0,0.0005927682276229994,0.0011855364552459987,0.0,0.0,0.0,0.0,0.0005927682276229994,0.0017783046828689982,0.0,0.0,0.0,0.0005927682276229994,0.0005927682276229994,0.0005927682276229994,0.0005927682276229994,0.0,0.0,0.0005927682276229994,0.0005927682276229994,0.0,0.0,0.0,0.0005927682276229994,0.0005927682276229994,0.0005927682276229994,0.0,0.0,0.0005927682276229994,0.0,0.0011855364552459987,0.0,collagen,chlorocebus_sabaeus
0.0,0.0005927682276229994,0.0011855364552459987,0.0,0.0,0.0,0.0,0.0005927682276229994,0.0017783046828689982,0.0,0.0,0.0,0.0005927682276229994,0.0005927682276229994,0.0005927682276229994,0.0005927682276229994,0.0,0.0,0.0005927682276229994,0.0005927682276229994,0.0,0.0,0.0,0.0005927682276229994,0.0005927682276229994,0.0005927682276229994,0.0,0.0,0.0005927682276229994,0.0,0.0011855364552459987,0.0,collagen,gorilla_gorilla_gorilla
0.0005959475566150178,0.0005959475566150178,0.0017878426698450535,0.0,0.0,0.0,0.0,0.0005959475566150178,0.0017878426698450535,0.0,0.0,0.0,0.0005959475566150178,0.0005959475566150178,0.0005959475566150178,0.0005959475566150178,0.0,0.0,0.0005959475566150178,0.0005959475566150178,0.0,0.0,0.0,0.0,0.0005959475566150178,0.0005959475566150178,0.0,0.0,0.0005959475566150178,0.0,0.0011918951132300357,0.0,collagen,homo_sapiens
0.0,0.0005927682276229994,0.0011855364552459987,0.0,0.0,0.0,0.0,0.0005927682276229994,0.0017783046828689982,0.0,0.0,0.0,0.0005927682276229994,0.0005927682276229994,0.0005927682276229994,0.0005927682276229994,0.0,0.0,0.0005927682276229994,0.0005927682276229994,0.0,0.0,0.0,0.0005927682276229994,0.0005927682276229994,0.0005927682276229994,0.0,0.0,0.0005927682276229994,0.0,0.0011855364552459987,0.0,collagen,macaca_fascicularis
0.0,0.0005927682276229994,0.0011855364552459987,0.0,0.0,0.0,0.0,0.0005927682276229994,0.0017783046828689982,0.0,0.0,0.0,0.0005927682276229994,0.0005927682276229994,0.0005927682276229994,0.0005927682276229994,0.0,0.0,0.0005927682276229994,0.0005927682276229994,0.0,0.0,0.0,0.0005927682276229994,0.0005927682276229994,0.0005927682276229994,0.0,0.0,0.0005927682276229994,0.0,0.0011855364552459987,0.0,collagen,nomascus_leucogenys
0.0,0.0005927682276229994,0.0005927682276229994,0.0,0.0,0.0,0.0,0.0005927682276229994,0.0017783046828689982,0.0,0.0,0.0,0.0005927682276229994,0.0005927682276229994,0.0005927682276229994,0.0005927682276229994,0.0,0.0,0.0005927682276229994,0.0005927682276229994,0.0,0.0,0.0,0.0005927682276229994,0.0,0.0005927682276229994,0.0,0.0,0.0005927682276229994,0.0,0.0011855364552459987,0.0,collagen,pan_paniscus
0.0,0.0005927682276229994,0.0011855364552459987,0.0,0.0,0.0,0.0,0.0005927682276229994,0.0017783046828689982,0.0,0.0,0.0,0.0005927682276229994,0.0005927682276229994,0.0005927682276229994,0.0005927682276229994,0.0,0.0,0.0005927682276229994,0.0005927682276229994,0.0,0.0,0.0,0.0005927682276229994,0.0005927682276229994,0.0005927682276229994,0.0,0.0,0.0005927682276229994,0.0,0.0011855364552459987,0.0,collagen,papio_anubis
0.0,0.0,0.0,0.0,0.0,0.0,0.0,0.0,0.0,0.0,0.0,0.0,0.0,0.0,0.0,0.0,0.0,0.0,0.0,0.0,0.0,0.0,0.0,0.0,0.0,0.0,0.0,0.0,0.0,0.0,0.009615384615384616,0.0,cytochrome,homo_sapiens
0.0,0.0,0.0,0.0,0.0,0.0,0.0,0.0,0.0,0.0,0.0,0.0,0.0,0.0,0.0,0.0,0.0,0.0,0.0,0.0,0.0,0.0,0.0,0.0,0.0,0.0,0.0,0.0,0.0,0.0,0.009523809523809525,0.0,cytochrome,chlorocebus_sabaeus
0.0,0.0,0.009523809523809525,0.0,0.0,0.0,0.0,0.0,0.0,0.0,0.0,0.0,0.0,0.0,0.0,0.0,0.0,0.0,0.0,0.0,0.0,0.0,0.0,0.0,0.0,0.0,0.0,0.0,0.0,0.0,0.0,0.0,cytochrome,pan_paniscus
0.0,0.0,0.0,0.0,0.0,0.0,0.0,0.0,0.0,0.0,0.0,0.0,0.0,0.0,0.0,0.0,0.0,0.0,0.0,0.0,0.0,0.0,0.0,0.0,0.0,0.0,0.0,0.0,0.0,0.0,0.009523809523809525,0.0,cytochrome,macaca_fascicularis
0.0,0.0,0.0,0.0,0.0,0.0,0.0,0.0,0.0,0.0,0.0,0.0,0.0,0.009523809523809525,0.0,0.0,0.0,0.0,0.0,0.0,0.0,0.0,0.0,0.0,0.0,0.0,0.0,0.0,0.0,0.0,0.009523809523809525,0.0,cytochrome,gorilla_gorilla_gorilla
0.0,0.0,0.0,0.0,0.0,0.0,0.0,0.0,0.0,0.0,0.0,0.0,0.0,0.0,0.0,0.0,0.0,0.0,0.0,0.0,0.0,0.0,0.0,0.0,0.0,0.0,0.0,0.0,0.0,0.0,0.009523809523809525,0.0,cytochrome,papio_anubis
0.0,0.0,0.009523809523809525,0.0,0.0,0.0,0.0,0.0,0.0,0.0,0.0,0.009523809523809525,0.0,0.0,0.0,0.0,0.0,0.0,0.0,0.0,0.0,0.0,0.0,0.0,0.0,0.0,0.0,0.0,0.0,0.0,0.0,0.0,cytochrome,nomascus_leucogenys
0.0,0.0,0.0,0.0,0.0,0.0,0.0,0.0,0.0,0.0,0.0,0.0,0.0,0.0,0.0,0.0,0.0,0.0,0.0,0.0,0.0,0.0,0.0,0.0,0.0,0.0,0.0,0.0,0.0,0.0,0.00546448087431694,0.0,ferritin,nomascus_leucogenys
0.0,0.0,0.0,0.0,0.0,0.0,0.0,0.0,0.0,0.0,0.0,0.0,0.0,0.0,0.0,0.0,0.0,0.0,0.0,0.0,0.0,0.0,0.0,0.0,0.0,0.0,0.0,0.0,0.0,0.0,0.00546448087431694,0.0,ferritin,papio_anubis
0.0,0.0,0.0,0.0,0.0,0.0,0.0,0.0,0.0,0.0,0.0,0.0,0.0,0.0,0.0,0.0,0.0,0.0,0.0,0.0,0.0,0.0,0.0,0.0,0.0,0.0,0.0,0.0,0.0,0.0,0.00546448087431694,0.0,ferritin,chlorocebus_sabaeus
0.0,0.0,0.0,0.0,0.0,0.0,0.0,0.0,0.0,0.0,0.0,0.0,0.0,0.0,0.0,0.0,0.0,0.0,0.0,0.0,0.0,0.0,0.0,0.0,0.0,0.0,0.0,0.0,0.0,0.0,0.00546448087431694,0.0,ferritin,pan_paniscus
0.0,0.0,0.0,0.0,0.0,0.0,0.0,0.0,0.0,0.0,0.0,0.0,0.0,0.0,0.0,0.0,0.0,0.0,0.0,0.0,0.0,0.0,0.0,0.0,0.0,0.0,0.0,0.0,0.0,0.0,0.00546448087431694,0.0,ferritin,macaca_fascicularis
0.0,0.0,0.0,0.0,0.0,0.0,0.0,0.0,0.0,0.0,0.0,0.0,0.0,0.0,0.0,0.0,0.0,0.0,0.0,0.0,0.0,0.0,0.0,0.0,0.0,0.0,0.0,0.0,0.0,0.0,0.00546448087431694,0.0,ferritin,gorilla_gorilla_gorilla
0.0,0.0,0.0,0.0,0.0,0.0,0.0,0.0,0.0,0.0,0.0,0.0,0.0,0.0,0.0,0.0,0.0,0.0,0.0,0.0,0.0,0.0,0.0,0.0,0.0,0.0,0.0,0.0,0.0,0.0,0.00510204081632653,0.0,ferritin,homo_sapiens
0.0,0.0,0.0,0.0,0.0,0.0,0.0,0.0,0.0,0.0,0.004784688995215311,0.0,0.0,0.0,0.0,0.0,0.0,0.0,0.004784688995215311,0.0,0.0,0.0,0.0,0.004784688995215311,0.0,0.0,0.0,0.0,0.0,0.0,0.0,0.0,insulin,chlorocebus_sabaeus
0.006535947712418301,0.0,0.0,0.0,0.0,0.0,0.0,0.0,0.0,0.0,0.006535947712418301,0.0,0.0,0.0,0.0,0.0,0.0,0.0,0.006535947712418301,0.0,0.0,0.0,0.0,0.006535947712418301,0.0,0.0,0.0,0.0,0.0,0.0,0.0,0.0,insulin,gorilla_gorilla_gorilla
0.009345794392523364,0.0,0.0,0.0,0.0,0.0,0.0,0.0,0.0,0.0,0.009345794392523364,0.0,0.0,0.0,0.0,0.0,0.0,0.0,0.009345794392523364,0.0,0.0,0.0,0.0,0.009345794392523364,0.0,0.0,0.0,0.0,0.0,0.0,0.0,0.0,insulin,homo_sapiens
0.0,0.0,0.0,0.0,0.0,0.0,0.0,0.0,0.0,0.0,0.006802721088435374,0.0,0.0,0.0,0.0,0.0,0.0,0.0,0.006802721088435374,0.0,0.0,0.0,0.0,0.006802721088435374,0.0,0.0,0.0,0.0,0.0,0.0,0.0,0.0,insulin,macaca_fascicularis
0.0,0.0,0.0,0.0,0.0,0.0,0.0,0.0,0.0,0.0,0.00909090909090909,0.0,0.0,0.0,0.0,0.0,0.0,0.0,0.00909090909090909,0.0,0.0,0.0,0.0,0.00909090909090909,0.0,0.0,0.0,0.0,0.0,0.0,0.0,0.0,insulin,nomascus_leucogenys
0.0,0.0,0.0,0.0,0.0,0.0,0.0,0.004901960784313725,0.0,0.0,0.004901960784313725,0.0,0.0,0.0,0.0,0.0,0.0,0.0,0.004901960784313725,0.0,0.0,0.0,0.0,0.004901960784313725,0.0,0.0,0.0,0.0,0.0,0.0,0.0,0.0,insulin,pan_paniscus
0.0,0.0,0.0,0.0,0.0,0.0,0.0,0.0,0.0,0.0,0.00909090909090909,0.0,0.0,0.0,0.0,0.0,0.0,0.0,0.00909090909090909,0.0,0.0,0.0,0.0,0.00909090909090909,0.0,0.0,0.0,0.0,0.0,0.0,0.0,0.0,insulin,papio_anubis
0.0,0.0,0.0,0.0,0.0,0.0,0.002028397565922921,0.0,0.0,0.0,0.0,0.002028397565922921,0.0,0.0,0.0,0.0,0.0,0.002028397565922921,0.002028397565922921,0.004056795131845842,0.004056795131845842,0.002028397565922921,0.0,0.0,0.002028397565922921,0.0,0.0,0.0,0.0,0.0,0.002028397565922921,0.0,keratin,homo_sapiens
0.0,0.0,0.0,0.0,0.0,0.0,0.002028397565922921,0.0,0.0,0.0,0.0,0.002028397565922921,0.0,0.0,0.0,0.0,0.0,0.002028397565922921,0.002028397565922921,0.004056795131845842,0.004056795131845842,0.002028397565922921,0.0,0.0,0.002028397565922921,0.0,0.0,0.0,0.0,0.0,0.002028397565922921,0.0,keratin,pan_paniscus
0.0,0.0,0.0,0.0,0.0,0.0,0.002028397565922921,0.0,0.0,0.0,0.0,0.002028397565922921,0.0,0.0,0.0,0.0,0.0,0.002028397565922921,0.002028397565922921,0.004056795131845842,0.004056795131845842,0.002028397565922921,0.0,0.0,0.002028397565922921,0.0,0.0,0.0,0.0,0.0,0.002028397565922921,0.0,keratin,nomascus_leucogenys
0.0,0.0,0.0,0.0,0.0,0.0,0.002028397565922921,0.0,0.0,0.0,0.0,0.002028397565922921,0.0,0.0,0.0,0.0,0.0,0.002028397565922921,0.002028397565922921,0.004056795131845842,0.004056795131845842,0.002028397565922921,0.0,0.0,0.002028397565922921,0.0,0.0,0.0,0.0,0.0,0.002028397565922921,0.0,keratin,gorilla_gorilla_gorilla
0.0,0.0,0.0,0.0,0.0,0.0,0.002028397565922921,0.0,0.0,0.0,0.0,0.002028397565922921,0.0,0.0,0.0,0.0,0.0,0.0,0.002028397565922921,0.004056795131845842,0.004056795131845842,0.002028397565922921,0.0,0.0,0.002028397565922921,0.0,0.0,0.0,0.0,0.0,0.002028397565922921,0.0,keratin,macaca_fascicularis
0.0,0.0,0.0,0.0,0.0,0.0,0.002028397565922921,0.0,0.0,0.0,0.0,0.002028397565922921,0.0,0.0,0.0,0.0,0.0,0.0,0.002028397565922921,0.004056795131845842,0.004056795131845842,0.002028397565922921,0.0,0.0,0.002028397565922921,0.0,0.0,0.0,0.0,0.0,0.002028397565922921,0.0,keratin,chlorocebus_sabaeus
0.0,0.0,0.0,0.0,0.0,0.0,0.002028397565922921,0.0,0.0,0.0,0.0,0.002028397565922921,0.0,0.0,0.0,0.0,0.0,0.0,0.002028397565922921,0.004056795131845842,0.004056795131845842,0.002028397565922921,0.0,0.0,0.002028397565922921,0.0,0.0,0.0,0.0,0.0,0.002028397565922921,0.0,keratin,papio_anubis
0.0,0.0015487867836861124,0.0,0.0,0.0005162622612287042,0.0,0.0,0.0005162622612287042,0.0,0.0,0.0005162622612287042,0.0,0.0010325245224574084,0.0,0.0010325245224574084,0.0,0.0,0.0,0.0,0.0,0.0,0.0,0.0,0.0005162622612287042,0.0,0.0,0.0,0.0,0.0010325245224574084,0.0,0.0,0.0005162622612287042,myosin,homo_sapiens
0.0,0.0015463917525773195,0.0,0.0,0.0005154639175257732,0.0,0.0,0.0010309278350515464,0.0,0.0,0.0005154639175257732,0.0,0.0010309278350515464,0.0,0.0010309278350515464,0.0,0.0,0.0,0.0,0.0,0.0,0.0,0.0,0.0005154639175257732,0.0,0.0,0.0,0.0,0.0010309278350515464,0.0,0.0,0.0005154639175257732,myosin,gorilla_gorilla_gorilla
0.0,0.0015495867768595042,0.0,0.0,0.0005165289256198347,0.0,0.0,0.0010330578512396695,0.0,0.0,0.0005165289256198347,0.0,0.0010330578512396695,0.0,0.0010330578512396695,0.0,0.0,0.0,0.0,0.0,0.0,0.0,0.0,0.0005165289256198347,0.0,0.0,0.0,0.0,0.0010330578512396695,0.0,0.0,0.0005165289256198347,myosin,pan_paniscus
0.0005162622612287042,0.0015487867836861124,0.0,0.0,0.0005162622612287042,0.0,0.0,0.0005162622612287042,0.0,0.0,0.0005162622612287042,0.0,0.0010325245224574084,0.0,0.0010325245224574084,0.0,0.0,0.0,0.0,0.0,0.0,0.0,0.0,0.0005162622612287042,0.0,0.0,0.0,0.0,0.0010325245224574084,0.0,0.0,0.0005162622612287042,myosin,papio_anubis
0.0005165289256198347,0.0015495867768595042,0.0,0.0,0.0005165289256198347,0.0,0.0,0.0010330578512396695,0.0,0.0,0.0005165289256198347,0.0,0.0010330578512396695,0.0,0.0010330578512396695,0.0,0.0,0.0,0.0,0.0,0.0,0.0,0.0,0.0005165289256198347,0.0,0.0,0.0,0.0,0.0010330578512396695,0.0,0.0,0.0005165289256198347,myosin,nomascus_leucogenys
0.0005162622612287042,0.0015487867836861124,0.0,0.0,0.0005162622612287042,0.0,0.0,0.0005162622612287042,0.0,0.0,0.0005162622612287042,0.0,0.0010325245224574084,0.0,0.0010325245224574084,0.0,0.0,0.0,0.0,0.0,0.0,0.0,0.0,0.0005162622612287042,0.0,0.0,0.0,0.0,0.0010325245224574084,0.0,0.0,0.0005162622612287042,myosin,macaca_fascicularis
0.0005157297576070139,0.0015471892728210418,0.0,0.0,0.0005157297576070139,0.0,0.0,0.0010314595152140279,0.0,0.0,0.0005157297576070139,0.0,0.0010314595152140279,0.0,0.0010314595152140279,0.0,0.0,0.0,0.0,0.0,0.0,0.0,0.0,0.0005157297576070139,0.0,0.0,0.0,0.0,0.0010314595152140279,0.0,0.0,0.0005157297576070139,myosin,chlorocebus_sabaeus
0.0,0.0,0.0024330900243309003,0.0,0.0,0.0,0.0,0.0,0.0024330900243309003,0.0,0.0,0.0,0.0,0.0,0.0,0.0024330900243309003,0.0,0.0,0.0,0.0,0.0024330900243309003,0.0,0.0,0.0,0.0,0.0,0.0,0.0,0.0,0.0024330900243309003,0.0,0.0,p53,pan_paniscus
0.0,0.0,0.002544529262086514,0.0,0.0,0.0,0.0,0.0,0.002544529262086514,0.0,0.0,0.0,0.0,0.0,0.0,0.002544529262086514,0.0,0.0,0.0,0.0,0.0,0.0,0.0,0.0,0.0,0.0,0.0,0.0,0.0,0.002544529262086514,0.0,0.0,p53,gorilla_gorilla_gorilla
0.0,0.0,0.002544529262086514,0.0,0.0,0.0,0.0,0.0,0.002544529262086514,0.0,0.0,0.0,0.0,0.0,0.0,0.002544529262086514,0.0,0.0,0.0,0.0,0.0,0.0,0.0,0.0,0.0,0.0,0.0,0.0,0.0,0.002544529262086514,0.0,0.0,p53,nomascus_leucogenys
0.0,0.0,0.002617801047120419,0.0,0.0,0.0,0.0,0.0,0.002617801047120419,0.0,0.0,0.0,0.0,0.0,0.0,0.002617801047120419,0.0,0.0,0.0,0.0,0.0,0.0,0.0,0.0,0.0,0.0,0.0,0.0,0.0,0.0,0.0,0.0,p53,homo_sapiens
0.0,0.0,0.002544529262086514,0.0,0.0,0.0,0.0,0.0,0.002544529262086514,0.0,0.0,0.0,0.0,0.0,0.0,0.002544529262086514,0.0,0.0,0.0,0.0,0.0,0.0,0.0,0.0,0.0,0.0,0.0,0.0,0.0,0.002544529262086514,0.0,0.0,p53,chlorocebus_sabaeus
0.0,0.0,0.002544529262086514,0.0,0.0,0.0,0.0,0.0,0.002544529262086514,0.0,0.0,0.0,0.0,0.0,0.0,0.002544529262086514,0.0,0.0,0.0,0.0,0.0,0.0,0.0,0.0,0.0,0.0,0.0,0.0,0.0,0.002544529262086514,0.0,0.0,p53,papio_anubis
0.0,0.0,0.002544529262086514,0.0,0.0,0.0,0.0,0.0,0.002544529262086514,0.0,0.0,0.0,0.0,0.0,0.0,0.002544529262086514,0.0,0.0,0.0,0.0,0.0,0.0,0.0,0.0,0.0,0.0,0.0,0.0,0.0,0.002544529262086514,0.0,0.0,p53,macaca_fascicularis
